id_ibge_cidade;cidade;populacao_2021;idh;pib;pib_per_capta;salario_medio_mensal;microrregiao;mesorregiao;regiao_imediata;regiao_intermediaria;estado;regiao
2905156;Caetanos;13639;0.542;89482.84;6153.41;1.4;Vitória da Conquista;Centro Sul Baiano;Vitória da Conquista;Vitória da Conquista;Bahia;Nordeste
2930808;Souto Soares;15899;0.592;125786.09;7408.33;2.5;Irecê;Centro Norte Baiano;Seabra;Feira de Santana;Bahia;Nordeste
2914406;Iraquara;22601;0.599;507644.88;20131.86;2.5;Irecê;Centro Norte Baiano;Seabra;Feira de Santana;Bahia;Nordeste
2910107;Dom Basílio;11355;0.591;118124.22;9683.11;1.7;Livramento do Brumado;Centro Sul Baiano;Brumado;Vitória da Conquista;Bahia;Nordeste
2918456;Jucuruçu;10290;0.541;93415.91;10236.24;1.5;Porto Seguro;Sul Baiano;Teixeira de Freitas;Ilhéus - Itabuna;Bahia;Nordeste
2901353;Andorinha;14414;0.588;195825.47;13417.3;2.5;Senhor do Bonfim;Centro Norte Baiano;Senhor do Bonfim;Juazeiro;Bahia;Nordeste
2917334;Iuiú;10900;0.591;104129.15;9471.45;1.9;Guanambi;Centro Sul Baiano;Guanambi;Guanambi;Bahia;Nordeste
2911402;Glória;15076;0.593;196886.84;12935.21;1.6;Paulo Afonso;Vale São-Franciscano da Bahia;Paulo Afonso;Paulo Afonso;Bahia;Nordeste
2929909;Seabra;41798;0.635;548878.06;12448.76;1.9;Seabra;Centro Sul Baiano;Seabra;Feira de Santana;Bahia;Nordeste
2915353;Itaguaçu da Bahia;13209;0.562;126487.31;8766.19;1.7;Barra;Vale São-Franciscano da Bahia;Irecê;Irecê;Bahia;Nordeste
2917904;Jandaíra;10331;0.55;130313.46;12168.59;1.7;Entre Rios;Nordeste Baiano;Alagoinhas;Salvador;Bahia;Nordeste
2907004;Cardeal da Silva;8899;0.552;118803.0;12781.39;1.9;Entre Rios;Nordeste Baiano;Alagoinhas;Salvador;Bahia;Nordeste
2929255;São Gabriel;18427;0.592;126255.46;6718.22;1.8;Irecê;Centro Norte Baiano;Irecê;Irecê;Bahia;Nordeste
2926509;Ribeira do Amparo;14276;0.512;128595.48;8812.74;1.7;Ribeira do Pombal;Nordeste Baiano;Ribeira do Pombal;Paulo Afonso;Bahia;Nordeste
2913408;Igaporã;15205;0.614;188774.86;12070.0;1.6;Guanambi;Centro Sul Baiano;Guanambi;Guanambi;Bahia;Nordeste
2903953;Bom Jesus da Serra;10113;0.546;62359.97;6311.74;1.9;Vitória da Conquista;Centro Sul Baiano;Vitória da Conquista;Vitória da Conquista;Bahia;Nordeste
2926400;Riacho de Santana;30646;0.615;267721.12;7558.26;1.8;Guanambi;Centro Sul Baiano;Guanambi;Guanambi;Bahia;Nordeste
2921054;Matina;11145;0.572;77887.54;6383.7;1.8;Guanambi;Centro Sul Baiano;Guanambi;Guanambi;Bahia;Nordeste
2923407;Palmas de Monte Alto;20775;0.586;181038.56;8323.61;1.9;Guanambi;Centro Sul Baiano;Guanambi;Guanambi;Bahia;Nordeste
2905503;Caldeirão Grande;12491;0.573;97023.49;7280.22;1.3;Jacobina;Centro Norte Baiano;Jacobina;Feira de Santana;Bahia;Nordeste
2909208;Coronel João Sá;17066;0.535;146878.86;9240.57;2.0;Jeremoabo;Nordeste Baiano;Jeremoabo;Paulo Afonso;Bahia;Nordeste
2904100;Boquira;22037;0.603;166261.64;7730.22;1.7;Boquira;Centro Sul Baiano;Bom Jesus da Lapa;Guanambi;Bahia;Nordeste
2912400;Ibipeba;17008;0.616;137877.86;7571.13;1.7;Irecê;Centro Norte Baiano;Irecê;Irecê;Bahia;Nordeste
2916500;Itapicuru;32261;0.486;317911.88;8936.13;2.0;Ribeira do Pombal;Nordeste Baiano;Alagoinhas;Salvador;Bahia;Nordeste
2909604;Crisópolis;20046;0.543;167383.34;7931.73;2.0;Alagoinhas;Nordeste Baiano;Alagoinhas;Salvador;Bahia;Nordeste
2922052;Mulungu do Morro;12249;0.566;100743.49;9251.86;1.8;Irecê;Centro Norte Baiano;Irecê;Irecê;Bahia;Nordeste
2903706;Boa Nova;15411;0.567;97570.26;7723.44;1.9;Vitória da Conquista;Centro Sul Baiano;Vitória da Conquista;Vitória da Conquista;Bahia;Nordeste
2920403;Manoel Vitorino;14387;0.566;144278.66;10897.18;2.3;Vitória da Conquista;Centro Sul Baiano;Jequié;Vitória da Conquista;Bahia;Nordeste
2915908;Itanagra;7598;0.584;67806.03;10527.25;1.9;Catu;Metropolitana de Salvador;Salvador;Salvador;Bahia;Nordeste
2911303;Gentio do Ouro;10622;0.559;141056.9;12557.37;1.4;Irecê;Centro Norte Baiano;Xique-Xique - Barra;Irecê;Bahia;Nordeste
2911659;Guajeru;10412;0.569;56939.64;8208.11;1.0;Brumado;Centro Sul Baiano;Guanambi;Guanambi;Bahia;Nordeste
2918506;Jussara;15052;0.571;108452.86;7095.84;1.9;Irecê;Centro Norte Baiano;Irecê;Irecê;Bahia;Nordeste
2922854;Nova Redenção;8034;0.567;63878.23;7005.73;1.5;Seabra;Centro Sul Baiano;Itaberaba;Feira de Santana;Bahia;Nordeste
2927309;Salinas da Margarida;13456;0.617;170797.9;10901.76;1.7;Santo Antônio de Jesus;Metropolitana de Salvador;Nazaré - Maragogipe;Santo Antônio de Jesus;Bahia;Nordeste
2920205;Malhada;16014;0.562;153124.06;9090.18;1.7;Guanambi;Centro Sul Baiano;Guanambi;Guanambi;Bahia;Nordeste
2911501;Gongogi;8357;0.576;62647.09;8788.87;1.5;Ilhéus-Itabuna;Sul Baiano;Ipiaú;Vitória da Conquista;Bahia;Nordeste
2925600;Presidente Dutra;13750;0.614;108938.99;7194.49;1.4;Irecê;Centro Norte Baiano;Irecê;Irecê;Bahia;Nordeste
2917409;Jacaraci;13651;0.593;111063.4;7483.05;1.5;Guanambi;Centro Sul Baiano;Guanambi;Guanambi;Bahia;Nordeste
2917805;Jaguaripe;16467;0.556;179681.67;9563.64;1.9;Santo Antônio de Jesus;Metropolitana de Salvador;Nazaré - Maragogipe;Santo Antônio de Jesus;Bahia;Nordeste
2930907;Tabocas do Brejo Velho;11431;0.584;104010.51;8308.88;1.4;Cotegipe;Extremo Oeste Baiano;Barreiras;Barreiras;Bahia;Nordeste
2924504;Pindaí;15628;0.603;216058.58;13287.74;2.2;Guanambi;Centro Sul Baiano;Guanambi;Guanambi;Bahia;Nordeste
2904209;Botuporã;11154;0.575;94467.1;9251.5;2.4;Boquira;Centro Sul Baiano;Guanambi;Guanambi;Bahia;Nordeste
2923035;Novo Horizonte;10673;0.597;85357.78;6892.03;1.4;Boquira;Centro Sul Baiano;Seabra;Feira de Santana;Bahia;Nordeste
2901304;Andaraí;13960;0.555;110614.09;8416.2;1.5;Seabra;Centro Sul Baiano;Itaberaba;Feira de Santana;Bahia;Nordeste
2926905;Rio do Pires;11918;0.594;87607.88;7516.76;1.6;Livramento do Brumado;Centro Sul Baiano;Brumado;Vitória da Conquista;Bahia;Nordeste
2927903;Santa Inês;10363;0.574;69765.78;6562.49;1.8;Jequié;Centro Sul Baiano;Jequié;Vitória da Conquista;Bahia;Nordeste
2904050;Bonito;14834;0.561;165818.48;9891.34;1.8;Seabra;Centro Sul Baiano;Irecê;Irecê;Bahia;Nordeste
2918753;Lagoa Real;13934;0.545;96846.03;6182.32;1.6;Guanambi;Centro Sul Baiano;Guanambi;Guanambi;Bahia;Nordeste
2905909;Campo Alegre de Lourdes;28090;0.557;242019.19;8404.03;2.1;Juazeiro;Vale São-Franciscano da Bahia;Juazeiro;Juazeiro;Bahia;Nordeste
2918704;Lafaiete Coutinho;3901;0.599;43509.0;11683.41;1.7;Jequié;Centro Sul Baiano;Jequié;Vitória da Conquista;Bahia;Nordeste
2903003;Barra do Mendes;13987;0.63;97848.82;7057.25;1.5;Irecê;Centro Norte Baiano;Irecê;Irecê;Bahia;Nordeste
2923506;Palmeiras;8410;0.643;82473.08;9144.37;1.9;Seabra;Centro Sul Baiano;Seabra;Feira de Santana;Bahia;Nordeste
2901155;América Dourada;15961;0.561;133365.28;8286.65;2.1;Irecê;Centro Norte Baiano;Irecê;Irecê;Bahia;Nordeste
2906600;Candiba;13210;0.591;120458.99;8412.53;2.1;Guanambi;Centro Sul Baiano;Guanambi;Guanambi;Bahia;Nordeste
2906105;Canápolis;9410;0.565;69642.28;7171.48;1.4;Santa Maria da Vitória;Extremo Oeste Baiano;Santa Maria da Vitoria;Barreiras;Bahia;Nordeste
2922706;Nova Canaã;16713;0.545;138628.86;8421.14;1.9;Vitória da Conquista;Centro Sul Baiano;Vitória da Conquista;Vitória da Conquista;Bahia;Nordeste
2907558;Caturama;8843;0.571;64268.19;6889.08;1.6;Boquira;Centro Sul Baiano;Brumado;Vitória da Conquista;Bahia;Nordeste
2925709;Presidente Jânio Quadros;13652;0.542;87746.17;7111.86;1.7;Brumado;Centro Sul Baiano;Vitória da Conquista;Vitória da Conquista;Bahia;Nordeste
2911857;Heliópolis;13192;0.563;105043.54;8061.05;1.9;Ribeira do Pombal;Nordeste Baiano;Cícero Dantas;Paulo Afonso;Bahia;Nordeste
2919009;Lajedinho;3936;0.546;63633.47;16820.9;1.8;Itaberaba;Centro Norte Baiano;Itaberaba;Feira de Santana;Bahia;Nordeste
2931400;Teodoro Sampaio;7895;0.594;79430.84;10697.76;1.7;Feira de Santana;Centro Norte Baiano;Alagoinhas;Salvador;Bahia;Nordeste
2926806;Rio do Antônio;14815;0.576;106372.96;6920.37;1.8;Brumado;Centro Sul Baiano;Guanambi;Guanambi;Bahia;Nordeste
2931053;Tanque Novo;16128;0.599;165485.98;9529.31;2.0;Boquira;Centro Sul Baiano;Guanambi;Guanambi;Bahia;Nordeste
2903235;Barro Alto;13612;0.607;100235.54;6713.25;1.8;Irecê;Centro Norte Baiano;Irecê;Irecê;Bahia;Nordeste
2924108;Pedrão;6876;0.588;43901.83;5975.48;1.5;Feira de Santana;Centro Norte Baiano;Alagoinhas;Salvador;Bahia;Nordeste
2903607;Biritinga;14836;0.538;128436.85;8037.85;2.0;Serrinha;Nordeste Baiano;Serrinha;Feira de Santana;Bahia;Nordeste
2924405;Pilão Arcado;32860;0.506;267862.06;7642.72;1.7;Juazeiro;Vale São-Franciscano da Bahia;Juazeiro;Juazeiro;Bahia;Nordeste
2932408;Uibaí;13625;0.617;96611.75;6956.99;1.8;Irecê;Centro Norte Baiano;Irecê;Irecê;Bahia;Nordeste
2922904;Nova Soure;24136;0.555;223233.83;8284.18;1.9;Ribeira do Pombal;Nordeste Baiano;Ribeira do Pombal;Paulo Afonso;Bahia;Nordeste
2910008;Dário Meira;12836;0.54;104508.19;9758.0;2.1;Vitória da Conquista;Centro Sul Baiano;Ipiaú;Vitória da Conquista;Bahia;Nordeste
2912608;Ibiquera;4866;0.511;29686.14;7340.79;1.2;Itaberaba;Centro Norte Baiano;Itaberaba;Feira de Santana;Bahia;Nordeste
2927606;Santa Brígida;15060;0.546;104057.0;7321.26;1.5;Jeremoabo;Nordeste Baiano;Paulo Afonso;Paulo Afonso;Bahia;Nordeste
2909505;Cravolândia;5041;0.599;41140.63;7691.28;1.6;Jequié;Centro Sul Baiano;Jequié;Vitória da Conquista;Bahia;Nordeste
2932606;Urandi;16466;0.598;182971.84;10984.02;1.8;Guanambi;Centro Sul Baiano;Guanambi;Guanambi;Bahia;Nordeste
2929503;São Sebastião do Passé;42153;0.657;691310.44;15605.2;3.0;Catu;Metropolitana de Salvador;Salvador;Salvador;Bahia;Nordeste
2909406;Cotegipe;13636;0.59;137364.83;9966.97;1.7;Cotegipe;Extremo Oeste Baiano;Barreiras;Barreiras;Bahia;Nordeste
2924900;Planaltino;8822;0.572;67492.36;7240.12;1.6;Jequié;Centro Sul Baiano;Jequié;Vitória da Conquista;Bahia;Nordeste
2910909;Firmino Alves;5384;0.578;51339.8;9140.08;1.3;Ilhéus-Itabuna;Sul Baiano;Ilhéus - Itabuna;Ilhéus - Itabuna;Bahia;Nordeste
2923209;Oliveira dos Brejinhos;21831;0.554;177317.9;8124.53;1.9;Boquira;Centro Sul Baiano;Xique-Xique - Barra;Irecê;Bahia;Nordeste
2930006;Sebastião Laranjeiras;10371;0.615;87074.45;7615.4;1.7;Guanambi;Centro Sul Baiano;Guanambi;Guanambi;Bahia;Nordeste
2930154;Serra do Ramalho;31638;0.595;308653.84;9807.25;1.8;Bom Jesus da Lapa;Vale São-Franciscano da Bahia;Bom Jesus da Lapa;Guanambi;Bahia;Nordeste
2907301;Castro Alves;25408;0.613;294942.12;11229.9;1.4;Santo Antônio de Jesus;Metropolitana de Salvador;Cruz das Almas;Santo Antônio de Jesus;Bahia;Nordeste
2918605;Jussiape;8031;0.602;59059.67;9547.31;1.5;Seabra;Centro Sul Baiano;Brumado;Vitória da Conquista;Bahia;Nordeste
2900603;Aiquara;4602;0.583;45750.35;10290.23;1.9;Jequié;Centro Sul Baiano;Jequié;Vitória da Conquista;Bahia;Nordeste
2904001;Boninal;13695;0.612;97544.05;6788.98;2.1;Seabra;Centro Sul Baiano;Seabra;Feira de Santana;Bahia;Nordeste
2929701;Sátiro Dias;18964;0.527;179418.94;10387.25;1.8;Alagoinhas;Nordeste Baiano;Alagoinhas;Salvador;Bahia;Nordeste
2919058;Lajedo do Tabocal;8305;0.584;69708.28;8141.59;1.6;Jequié;Centro Sul Baiano;Jequié;Vitória da Conquista;Bahia;Nordeste
2920601;Maragogipe;42815;0.621;323346.66;7237.43;2.1;Santo Antônio de Jesus;Metropolitana de Salvador;Nazaré - Maragogipe;Santo Antônio de Jesus;Bahia;Nordeste
2912509;Ibipitanga;14171;0.584;105612.04;7087.1;1.3;Boquira;Centro Sul Baiano;Bom Jesus da Lapa;Guanambi;Bahia;Nordeste
2921450;Mirante;10507;0.527;63564.89;7356.2;1.7;Vitória da Conquista;Centro Sul Baiano;Vitória da Conquista;Vitória da Conquista;Bahia;Nordeste
2910701;Euclides da Cunha;56289;0.567;646169.94;10665.51;2.1;Euclides da Cunha;Nordeste Baiano;Euclides da Cunha;Paulo Afonso;Bahia;Nordeste
2908309;Conceição do Almeida;17889;0.606;175026.52;10148.23;1.5;Santo Antônio de Jesus;Metropolitana de Salvador;Cruz das Almas;Santo Antônio de Jesus;Bahia;Nordeste
2902005;Aracatu;13743;0.581;116721.63;8886.31;1.4;Brumado;Centro Sul Baiano;Brumado;Vitória da Conquista;Bahia;Nordeste
2916708;Itaquara;7678;0.553;75861.37;9119.05;1.5;Jequié;Centro Sul Baiano;Jequié;Vitória da Conquista;Bahia;Nordeste
2914208;Irajuba;7002;0.576;72114.93;9933.19;1.8;Jequié;Centro Sul Baiano;Jequié;Vitória da Conquista;Bahia;Nordeste
2901403;Angical;14073;0.625;141701.56;10138.2;1.8;Cotegipe;Extremo Oeste Baiano;Barreiras;Barreiras;Bahia;Nordeste
2906204;Canarana;24067;0.587;208360.55;7959.98;1.9;Irecê;Centro Norte Baiano;Irecê;Irecê;Bahia;Nordeste
2928505;Santa Teresinha;9648;0.587;70923.83;6816.32;1.6;Feira de Santana;Centro Norte Baiano;Cruz das Almas;Santo Antônio de Jesus;Bahia;Nordeste
2918100;Jeremoabo;37680;0.547;369462.97;9130.88;1.9;Jeremoabo;Nordeste Baiano;Jeremoabo;Paulo Afonso;Bahia;Nordeste
2909109;Coribe;14307;0.6;138545.7;9760.86;1.8;Santa Maria da Vitória;Extremo Oeste Baiano;Santa Maria da Vitoria;Barreiras;Bahia;Nordeste
2924306;Piatã;17982;0.571;134433.69;7851.06;2.1;Seabra;Centro Sul Baiano;Seabra;Feira de Santana;Bahia;Nordeste
2926707;Rio de Contas;13007;0.605;129467.09;9967.44;1.5;Seabra;Centro Sul Baiano;Brumado;Vitória da Conquista;Bahia;Nordeste
2918209;Jiquiriçá;14118;0.553;117538.3;8085.46;1.7;Jequié;Centro Sul Baiano;Santo Antônio de Jesus;Santo Antônio de Jesus;Bahia;Nordeste
2929206;São Francisco do Conde;33183;0.674;8383471.5;210629.4;5.2;Salvador;Metropolitana de Salvador;Salvador;Salvador;Bahia;Nordeste
2902302;Aratuípe;8599;0.575;68859.22;7802.74;1.8;Santo Antônio de Jesus;Metropolitana de Salvador;Nazaré - Maragogipe;Santo Antônio de Jesus;Bahia;Nordeste
2919108;Lamarão;9560;0.518;56091.69;6752.34;1.9;Serrinha;Nordeste Baiano;Feira de Santana;Feira de Santana;Bahia;Nordeste
2925907;Quijingue;27228;0.544;244150.67;8852.45;2.5;Euclides da Cunha;Nordeste Baiano;Euclides da Cunha;Paulo Afonso;Bahia;Nordeste
2926202;Riachão das Neves;21937;0.578;780488.56;34938.38;2.1;Barreiras;Extremo Oeste Baiano;Barreiras;Barreiras;Bahia;Nordeste
2906501;Candeias;83158;0.691;4681094.5;53758.72;3.1;Salvador;Metropolitana de Salvador;Salvador;Salvador;Bahia;Nordeste
2907202;Casa Nova;64940;0.57;758000.1;10532.31;1.6;Juazeiro;Vale São-Franciscano da Bahia;Juazeiro;Juazeiro;Bahia;Nordeste
2923100;Olindina;24943;0.559;207760.98;7359.84;1.8;Ribeira do Pombal;Nordeste Baiano;Ribeira do Pombal;Paulo Afonso;Bahia;Nordeste
2920304;Malhada de Pedras;8468;0.578;67222.91;8009.4;1.7;Brumado;Centro Sul Baiano;Brumado;Vitória da Conquista;Bahia;Nordeste
2922656;Nordestina;12371;0.56;159551.81;12151.7;2.8;Euclides da Cunha;Nordeste Baiano;Conceição do Coité;Feira de Santana;Bahia;Nordeste
2905107;Caém;10368;0.546;80228.24;8708.16;2.0;Jacobina;Centro Norte Baiano;Jacobina;Feira de Santana;Bahia;Nordeste
2902708;Barra;49325;0.557;380443.94;7100.75;2.1;Barra;Vale São-Franciscano da Bahia;Xique-Xique - Barra;Irecê;Bahia;Nordeste
2910404;Encruzilhada;23766;0.544;193252.84;11363.8;1.9;Itapetinga;Centro Sul Baiano;Vitória da Conquista;Vitória da Conquista;Bahia;Nordeste
2912301;Ibicuí;15785;0.584;157102.97;9698.91;1.6;Vitória da Conquista;Centro Sul Baiano;Ilhéus - Itabuna;Ilhéus - Itabuna;Bahia;Nordeste
2902807;Barra da Estiva;21187;0.575;263051.25;12770.72;1.7;Seabra;Centro Sul Baiano;Vitória da Conquista;Vitória da Conquista;Bahia;Nordeste
2921500;Monte Santo;52338;0.506;394725.9;7987.49;2.1;Euclides da Cunha;Nordeste Baiano;Euclides da Cunha;Paulo Afonso;Bahia;Nordeste
2906899;Caraíbas;10222;0.555;76677.33;8566.34;1.1;Brumado;Centro Sul Baiano;Vitória da Conquista;Vitória da Conquista;Bahia;Nordeste
2926004;Remanso;38957;0.579;396348.66;9665.15;1.8;Juazeiro;Vale São-Franciscano da Bahia;Juazeiro;Juazeiro;Bahia;Nordeste
2900355;Adustina;15702;0.546;173473.9;10180.39;2.0;Ribeira do Pombal;Nordeste Baiano;Cícero Dantas;Paulo Afonso;Bahia;Nordeste
2931509;Teofilândia;21482;0.566;152121.86;6755.57;1.9;Serrinha;Nordeste Baiano;Serrinha;Feira de Santana;Bahia;Nordeste
2924207;Pedro Alexandre;16995;0.513;102345.07;6140.58;1.7;Jeremoabo;Nordeste Baiano;Jeremoabo;Paulo Afonso;Bahia;Nordeste
2920809;Marcionílio Souza;10500;0.561;80645.95;7749.95;2.1;Jequié;Centro Sul Baiano;Itaberaba;Feira de Santana;Bahia;Nordeste
2927101;Rodelas;7775;0.632;97382.86;10436.49;1.6;Paulo Afonso;Vale São-Franciscano da Bahia;Paulo Afonso;Paulo Afonso;Bahia;Nordeste
2923704;Paratinga;29504;0.59;231958.6;7248.71;2.1;Bom Jesus da Lapa;Vale São-Franciscano da Bahia;Bom Jesus da Lapa;Guanambi;Bahia;Nordeste
2909703;Cristópolis;13280;0.614;123122.89;8851.39;1.9;Cotegipe;Extremo Oeste Baiano;Barreiras;Barreiras;Bahia;Nordeste
2904902;Cachoeira;32026;0.647;431170.25;12882.29;2.0;Santo Antônio de Jesus;Metropolitana de Salvador;Cruz das Almas;Santo Antônio de Jesus;Bahia;Nordeste
2933174;Varzedo;9109;0.586;106359.26;12034.31;2.0;Santo Antônio de Jesus;Metropolitana de Salvador;Santo Antônio de Jesus;Santo Antônio de Jesus;Bahia;Nordeste
2916104;Itaparica;20725;0.67;245324.9;11036.75;1.6;Salvador;Metropolitana de Salvador;Nazaré - Maragogipe;Santo Antônio de Jesus;Bahia;Nordeste
2919157;Lapão;25646;0.596;253001.06;9293.65;1.6;Irecê;Centro Norte Baiano;Irecê;Irecê;Bahia;Nordeste
2919504;Livramento de Nossa Senhora;42693;0.611;504589.5;11033.62;1.6;Livramento do Brumado;Centro Sul Baiano;Brumado;Vitória da Conquista;Bahia;Nordeste
2932002;Uauá;24294;0.605;205220.4;8466.19;2.1;Euclides da Cunha;Nordeste Baiano;Juazeiro;Juazeiro;Bahia;Nordeste
2901700;Antônio Cardoso;11554;0.561;110322.43;9442.99;1.4;Feira de Santana;Centro Norte Baiano;Feira de Santana;Feira de Santana;Bahia;Nordeste
2930774;Sobradinho;22000;0.631;756250.44;32609.65;2.1;Juazeiro;Vale São-Franciscano da Bahia;Juazeiro;Juazeiro;Bahia;Nordeste
2903904;Bom Jesus da Lapa;63480;0.633;1108134.0;16025.54;1.8;Bom Jesus da Lapa;Vale São-Franciscano da Bahia;Bom Jesus da Lapa;Guanambi;Bahia;Nordeste
2918308;Jitaúna;14115;0.575;148674.44;13314.92;1.9;Jequié;Centro Sul Baiano;Jequié;Vitória da Conquista;Bahia;Nordeste
2929370;São José do Jacuípe;10180;0.552;88820.27;8489.8;1.7;Jacobina;Centro Norte Baiano;Jacobina;Feira de Santana;Bahia;Nordeste
2907400;Catolândia;2612;0.582;76671.03;21434.45;1.7;Barreiras;Extremo Oeste Baiano;Barreiras;Barreiras;Bahia;Nordeste
2925204;Pojuca;33066;0.666;1040038.4;26317.43;2.7;Catu;Metropolitana de Salvador;Salvador;Salvador;Bahia;Nordeste
2919926;Madre de Deus;17376;0.708;513715.25;24354.77;4.0;Salvador;Metropolitana de Salvador;Salvador;Salvador;Bahia;Nordeste
2933208;Vera Cruz;37567;0.645;527179.44;12196.73;1.7;Salvador;Metropolitana de Salvador;Nazaré - Maragogipe;Santo Antônio de Jesus;Bahia;Nordeste
2900504;Érico Cardoso;10859;0.584;69608.97;6560.69;1.5;Livramento do Brumado;Centro Sul Baiano;Brumado;Vitória da Conquista;Bahia;Nordeste
2922250;Muquém do São Francisco;10272;0.549;181298.78;15976.28;2.3;Barra;Vale São-Franciscano da Bahia;Xique-Xique - Barra;Irecê;Bahia;Nordeste
2931608;Teolândia;14836;0.555;182460.34;12210.42;2.0;Ilhéus-Itabuna;Sul Baiano;Ipiaú;Vitória da Conquista;Bahia;Nordeste
2931707;Terra Nova;12803;0.578;117263.24;8997.41;1.6;Catu;Metropolitana de Salvador;Salvador;Salvador;Bahia;Nordeste
2906808;Cansanção;32908;0.557;285990.5;8210.1;1.7;Euclides da Cunha;Nordeste Baiano;Euclides da Cunha;Paulo Afonso;Bahia;Nordeste
2906709;Cândido Sales;27918;0.601;210362.61;8351.37;2.1;Vitória da Conquista;Centro Sul Baiano;Vitória da Conquista;Vitória da Conquista;Bahia;Nordeste
2900801;Alcobaça;21271;0.608;288598.8;12843.74;1.7;Porto Seguro;Sul Baiano;Teixeira de Freitas;Ilhéus - Itabuna;Bahia;Nordeste
2920700;Maraú;19101;0.593;250044.83;12155.8;1.7;Valença;Sul Baiano;Ilhéus - Itabuna;Ilhéus - Itabuna;Bahia;Nordeste
2922805;Nova Itarana;7435;0.524;56258.37;6839.09;1.4;Jequié;Centro Sul Baiano;Santo Antônio de Jesus;Santo Antônio de Jesus;Bahia;Nordeste
2924678;Piraí do Norte;9799;0.533;93889.19;9367.37;1.7;Valença;Sul Baiano;Ipiaú;Vitória da Conquista;Bahia;Nordeste
2900405;Água Fria;15731;0.55;131044.52;7722.13;2.3;Feira de Santana;Centro Norte Baiano;Feira de Santana;Feira de Santana;Bahia;Nordeste
2901205;Anagé;25516;0.54;185459.95;8428.08;1.8;Vitória da Conquista;Centro Sul Baiano;Vitória da Conquista;Vitória da Conquista;Bahia;Nordeste
2931301;Tapiramutá;16516;0.594;111467.48;6553.06;1.8;Itaberaba;Centro Norte Baiano;Jacobina;Feira de Santana;Bahia;Nordeste
2919306;Lençóis;10368;0.623;129236.88;11327.63;1.8;Seabra;Centro Sul Baiano;Seabra;Feira de Santana;Bahia;Nordeste
2914307;Iramaia;11990;0.571;85486.93;10013.7;1.7;Jequié;Centro Sul Baiano;Vitória da Conquista;Vitória da Conquista;Bahia;Nordeste
2902906;Barra do Choça;34788;0.551;393203.2;12441.96;2.3;Vitória da Conquista;Centro Sul Baiano;Vitória da Conquista;Vitória da Conquista;Bahia;Nordeste
2921302;Milagres;10306;0.622;109630.58;10011.93;1.6;Jequié;Centro Sul Baiano;Santo Antônio de Jesus;Santo Antônio de Jesus;Bahia;Nordeste
2933059;Várzea da Roça;13786;0.539;95532.93;6773.46;1.8;Itaberaba;Centro Norte Baiano;Feira de Santana;Feira de Santana;Bahia;Nordeste
2925105;Poções;44701;0.604;500059.66;10668.85;1.9;Vitória da Conquista;Centro Sul Baiano;Vitória da Conquista;Vitória da Conquista;Bahia;Nordeste
2920502;Maracás;24613;0.607;445095.9;21363.92;1.9;Jequié;Centro Sul Baiano;Jequié;Vitória da Conquista;Bahia;Nordeste
2904308;Brejões;14282;0.597;122241.71;8551.36;1.8;Jequié;Centro Sul Baiano;Santo Antônio de Jesus;Santo Antônio de Jesus;Bahia;Nordeste
2923605;Paramirim;21001;0.615;238213.55;11024.83;1.9;Livramento do Brumado;Centro Sul Baiano;Brumado;Vitória da Conquista;Bahia;Nordeste
2928604;Santo Amaro;57800;0.646;842429.4;14024.36;1.9;Santo Antônio de Jesus;Metropolitana de Salvador;Salvador;Salvador;Bahia;Nordeste
2908804;Contendas do Sincorá;4663;0.577;42285.97;10399.89;1.7;Seabra;Centro Sul Baiano;Vitória da Conquista;Vitória da Conquista;Bahia;Nordeste
2906824;Canudos;15732;0.562;132498.52;7949.27;1.9;Euclides da Cunha;Nordeste Baiano;Euclides da Cunha;Paulo Afonso;Bahia;Nordeste
2910750;Fátima;17652;0.559;213111.66;11912.33;2.2;Ribeira do Pombal;Nordeste Baiano;Cícero Dantas;Paulo Afonso;Bahia;Nordeste
2924009;Paulo Afonso;108396;0.674;3688065.2;31312.64;2.1;Paulo Afonso;Vale São-Franciscano da Bahia;Paulo Afonso;Paulo Afonso;Bahia;Nordeste
2902500;Baianópolis;13850;0.589;169459.39;12211.53;1.9;Barreiras;Extremo Oeste Baiano;Barreiras;Barreiras;Bahia;Nordeste
2904852;Cabaceiras do Paraguaçu;17327;0.581;130050.25;6914.99;1.9;Santo Antônio de Jesus;Metropolitana de Salvador;Cruz das Almas;Santo Antônio de Jesus;Bahia;Nordeste
2908606;Conde;23620;0.56;285928.47;11066.63;2.3;Entre Rios;Nordeste Baiano;Alagoinhas;Salvador;Bahia;Nordeste
2929750;Saubara;11201;0.617;135409.53;11243.84;1.4;Santo Antônio de Jesus;Metropolitana de Salvador;Salvador;Salvador;Bahia;Nordeste
2931202;Taperoá;18748;0.566;178538.11;8471.96;2.2;Valença;Sul Baiano;Valença;Santo Antônio de Jesus;Bahia;Nordeste
2902104;Araci;51651;0.534;435339.3;8005.65;2.1;Serrinha;Nordeste Baiano;Serrinha;Feira de Santana;Bahia;Nordeste
2922201;Muniz Ferreira;7317;0.617;55270.84;7446.89;1.4;Santo Antônio de Jesus;Metropolitana de Salvador;Santo Antônio de Jesus;Santo Antônio de Jesus;Bahia;Nordeste
2902401;Aurelino Leal;13595;0.568;109567.96;9502.03;1.8;Ilhéus-Itabuna;Sul Baiano;Ilhéus - Itabuna;Ilhéus - Itabuna;Bahia;Nordeste
2912707;Ibirapitanga;22598;0.558;233465.44;9987.83;2.1;Ilhéus-Itabuna;Sul Baiano;Ilhéus - Itabuna;Ilhéus - Itabuna;Bahia;Nordeste
2901957;Apuarema;7459;0.552;65188.77;8893.42;2.7;Jequié;Centro Sul Baiano;Jequié;Vitória da Conquista;Bahia;Nordeste
2923050;Novo Triunfo;15051;0.554;83168.16;5386.54;1.8;Ribeira do Pombal;Nordeste Baiano;Jeremoabo;Paulo Afonso;Bahia;Nordeste
2931905;Tucano;52418;0.579;484229.94;9553.34;2.0;Euclides da Cunha;Nordeste Baiano;Ribeira do Pombal;Paulo Afonso;Bahia;Nordeste
2931806;Tremedal;17029;0.528;124164.14;7573.75;2.1;Brumado;Centro Sul Baiano;Vitória da Conquista;Vitória da Conquista;Bahia;Nordeste
2928307;Santanópolis;8776;0.592;59689.02;6674.38;1.9;Feira de Santana;Centro Norte Baiano;Feira de Santana;Feira de Santana;Bahia;Nordeste
2902054;Araçás;11561;0.57;243232.23;19974.72;1.4;Alagoinhas;Nordeste Baiano;Alagoinhas;Salvador;Bahia;Nordeste
2919405;Licínio de Almeida;12311;0.621;116393.8;9395.69;1.6;Guanambi;Centro Sul Baiano;Guanambi;Guanambi;Bahia;Nordeste
2916302;Itapebi;10495;0.572;290484.53;28315.09;2.1;Ilhéus-Itabuna;Sul Baiano;Eunápolis - Porto Seguro;Ilhéus - Itabuna;Bahia;Nordeste
2905206;Caetité;47515;0.625;905219.6;17758.11;1.9;Guanambi;Centro Sul Baiano;Guanambi;Guanambi;Bahia;Nordeste
2910503;Entre Rios;39872;0.615;600401.3;14370.54;2.4;Entre Rios;Nordeste Baiano;Alagoinhas;Salvador;Bahia;Nordeste
2903102;Barra do Rocha;6313;0.577;63171.67;11055.59;1.8;Ilhéus-Itabuna;Sul Baiano;Ipiaú;Vitória da Conquista;Bahia;Nordeste
2913457;Igrapiúna;13343;0.574;161356.7;12199.96;1.9;Valença;Sul Baiano;Valença;Santo Antônio de Jesus;Bahia;Nordeste
2921708;Morro do Chapéu;35164;0.588;341727.9;9649.79;2.0;Jacobina;Centro Norte Baiano;Irecê;Irecê;Bahia;Nordeste
2925006;Planalto;24481;0.56;245375.34;9342.29;1.8;Vitória da Conquista;Centro Sul Baiano;Vitória da Conquista;Vitória da Conquista;Bahia;Nordeste
2921401;Mirangaba;16279;0.542;126791.93;6914.16;1.8;Jacobina;Centro Norte Baiano;Jacobina;Feira de Santana;Bahia;Nordeste
2907707;Chorrochó;10734;0.6;81333.56;7276.87;2.1;Paulo Afonso;Vale São-Franciscano da Bahia;Paulo Afonso;Paulo Afonso;Bahia;Nordeste
2914901;Itacaré;24318;0.583;331387.3;11711.45;1.8;Ilhéus-Itabuna;Sul Baiano;Ilhéus - Itabuna;Ilhéus - Itabuna;Bahia;Nordeste
2900306;Acajutiba;14653;0.582;127039.72;8380.48;1.9;Alagoinhas;Nordeste Baiano;Alagoinhas;Salvador;Bahia;Nordeste
2907103;Carinhanha;28380;0.576;244518.3;8426.44;2.2;Bom Jesus da Lapa;Vale São-Franciscano da Bahia;Guanambi;Guanambi;Bahia;Nordeste
2911006;Floresta Azul;10660;0.557;85447.51;8039.09;1.6;Ilhéus-Itabuna;Sul Baiano;Ilhéus - Itabuna;Ilhéus - Itabuna;Bahia;Nordeste
2901502;Anguera;10242;0.589;84975.22;7572.87;1.2;Feira de Santana;Centro Norte Baiano;Feira de Santana;Feira de Santana;Bahia;Nordeste
2902203;Aramari;10036;0.588;96908.13;8502.95;1.5;Alagoinhas;Nordeste Baiano;Alagoinhas;Salvador;Bahia;Nordeste
2911105;Formosa do Rio Preto;22528;0.618;1852275.9;72379.97;2.3;Barreiras;Extremo Oeste Baiano;Barreiras;Barreiras;Bahia;Nordeste
2933158;Várzea Nova;13073;0.555;115702.42;9112.58;1.9;Jacobina;Centro Norte Baiano;Jacobina;Feira de Santana;Bahia;Nordeste
2910206;Dom Macedo Costa;3874;0.632;36152.29;8908.89;1.6;Santo Antônio de Jesus;Metropolitana de Salvador;Santo Antônio de Jesus;Santo Antônio de Jesus;Bahia;Nordeste
2933505;Wenceslau Guimarães;22189;0.544;269079.06;12751.96;1.9;Ilhéus-Itabuna;Sul Baiano;Ipiaú;Vitória da Conquista;Bahia;Nordeste
2910305;Elísio Medrado;7947;0.623;63239.13;7786.15;1.2;Feira de Santana;Centro Norte Baiano;Santo Antônio de Jesus;Santo Antônio de Jesus;Bahia;Nordeste
2932804;Utinga;18173;0.59;168888.6;8806.37;1.5;Seabra;Centro Sul Baiano;Itaberaba;Feira de Santana;Bahia;Nordeste
2933455;Wanderley;12485;0.6;132446.77;10822.58;1.8;Cotegipe;Extremo Oeste Baiano;Barreiras;Barreiras;Bahia;Nordeste
2922102;Mundo Novo;24395;0.59;171093.6;6389.81;2.1;Itaberaba;Centro Norte Baiano;Feira de Santana;Feira de Santana;Bahia;Nordeste
2907509;Catu;51077;0.677;646068.5;11810.26;2.7;Catu;Metropolitana de Salvador;Salvador;Salvador;Bahia;Nordeste
2919801;Macaúbas;47051;0.609;389297.56;7813.14;1.9;Boquira;Centro Sul Baiano;Bom Jesus da Lapa;Guanambi;Bahia;Nordeste
2918803;Laje;22201;0.586;250733.44;10517.34;1.8;Jequié;Centro Sul Baiano;Santo Antônio de Jesus;Santo Antônio de Jesus;Bahia;Nordeste
2928901;São Desidério;27659;0.579;2596440.0;76949.79;2.4;Barreiras;Extremo Oeste Baiano;Barreiras;Barreiras;Bahia;Nordeste
2913101;Ibititá;17840;0.602;128200.12;7491.39;1.7;Irecê;Centro Norte Baiano;Irecê;Irecê;Bahia;Nordeste
2910602;Esplanada;32802;0.589;632120.1;16975.59;1.8;Entre Rios;Nordeste Baiano;Alagoinhas;Salvador;Bahia;Nordeste
2907608;Central;17013;0.596;167581.6;9705.87;2.1;Irecê;Centro Norte Baiano;Irecê;Irecê;Bahia;Nordeste
2909901;Curaçá;32168;0.581;316642.6;9125.15;2.0;Juazeiro;Vale São-Franciscano da Bahia;Juazeiro;Juazeiro;Bahia;Nordeste
2916856;Itatim;14522;0.582;369785.88;25525.36;1.6;Feira de Santana;Centro Norte Baiano;Cruz das Almas;Santo Antônio de Jesus;Bahia;Nordeste
2901908;Aporá;17731;0.548;133587.0;7534.09;2.1;Alagoinhas;Nordeste Baiano;Alagoinhas;Salvador;Bahia;Nordeste
2929107;São Felipe;20305;0.616;198102.73;9400.34;1.7;Santo Antônio de Jesus;Metropolitana de Salvador;Cruz das Almas;Santo Antônio de Jesus;Bahia;Nordeste
2927002;Rio Real;37164;0.572;922407.4;22645.77;1.8;Alagoinhas;Nordeste Baiano;Alagoinhas;Salvador;Bahia;Nordeste
2916906;Itiruçu;12693;0.6;102521.09;8152.12;1.5;Jequié;Centro Sul Baiano;Jequié;Vitória da Conquista;Bahia;Nordeste
2928109;Santa Maria da Vitória;40309;0.614;482541.7;12110.47;1.9;Santa Maria da Vitória;Extremo Oeste Baiano;Santa Maria da Vitoria;Barreiras;Bahia;Nordeste
2929404;São Miguel das Matas;10414;0.593;135506.86;11606.58;1.4;Jequié;Centro Sul Baiano;Santo Antônio de Jesus;Santo Antônio de Jesus;Bahia;Nordeste
2922607;Nilo Peçanha;12530;0.547;139940.66;9997.9;1.9;Valença;Sul Baiano;Valença;Santo Antônio de Jesus;Bahia;Nordeste
2913705;Inhambupe;36306;0.565;572497.5;14338.96;1.8;Alagoinhas;Nordeste Baiano;Alagoinhas;Salvador;Bahia;Nordeste
2920452;Mansidão;12592;0.599;86613.16;6348.54;2.1;Cotegipe;Extremo Oeste Baiano;Barreiras;Barreiras;Bahia;Nordeste
2929008;São Félix;14098;0.639;170351.47;11557.09;1.4;Santo Antônio de Jesus;Metropolitana de Salvador;Cruz das Almas;Santo Antônio de Jesus;Bahia;Nordeste
2928208;Santana;24750;0.608;258318.02;9706.1;1.7;Santa Maria da Vitória;Extremo Oeste Baiano;Barreiras;Barreiras;Bahia;Nordeste
2924702;Piripá;12783;0.575;72498.99;6771.18;1.4;Brumado;Centro Sul Baiano;Vitória da Conquista;Vitória da Conquista;Bahia;Nordeste
2926301;Riachão do Jacuípe;33172;0.628;358452.72;10720.56;1.8;Serrinha;Nordeste Baiano;Feira de Santana;Feira de Santana;Bahia;Nordeste
2917201;Ituaçu;18127;0.57;163237.98;8608.69;2.0;Brumado;Centro Sul Baiano;Vitória da Conquista;Vitória da Conquista;Bahia;Nordeste
2905305;Cafarnaum;17209;0.584;155030.7;8408.67;2.3;Irecê;Centro Norte Baiano;Irecê;Irecê;Bahia;Nordeste
2920908;Mascote;14640;0.581;135591.22;9809.81;1.6;Ilhéus-Itabuna;Sul Baiano;Camacan;Ilhéus - Itabuna;Bahia;Nordeste
2904605;Brumado;64602;0.656;1727280.0;25705.48;1.9;Brumado;Centro Sul Baiano;Brumado;Vitória da Conquista;Bahia;Nordeste
2921005;Mata de São João;40183;0.668;1176316.2;25252.05;2.1;Catu;Metropolitana de Salvador;Salvador;Salvador;Bahia;Nordeste
2919900;Macururé;8073;0.604;53843.28;6881.81;1.2;Paulo Afonso;Vale São-Franciscano da Bahia;Paulo Afonso;Paulo Afonso;Bahia;Nordeste
2906907;Caravelas;21414;0.616;345706.0;15702.49;1.9;Porto Seguro;Sul Baiano;Teixeira de Freitas;Ilhéus - Itabuna;Bahia;Nordeste
2930402;Serra Preta;15401;0.566;113683.83;7641.07;1.4;Feira de Santana;Centro Norte Baiano;Feira de Santana;Feira de Santana;Bahia;Nordeste
2910057;Dias d'Ávila;66440;0.676;3456357.8;42624.25;2.8;Salvador;Metropolitana de Salvador;Salvador;Salvador;Bahia;Nordeste
2903508;Belo Campo;16021;0.575;146143.17;8491.27;1.7;Vitória da Conquista;Centro Sul Baiano;Vitória da Conquista;Vitória da Conquista;Bahia;Nordeste
2911808;Guaratinga;22165;0.558;206919.1;9927.51;2.2;Porto Seguro;Sul Baiano;Eunápolis - Porto Seguro;Ilhéus - Itabuna;Bahia;Nordeste
2928802;Santo Estêvão;47880;0.626;736865.7;13942.59;1.6;Feira de Santana;Centro Norte Baiano;Feira de Santana;Feira de Santana;Bahia;Nordeste
2913804;Ipecaetá;15331;0.55;88566.36;6113.51;1.2;Feira de Santana;Centro Norte Baiano;Feira de Santana;Feira de Santana;Bahia;Nordeste
2916203;Itapé;10995;0.599;93669.84;10691.68;1.6;Ilhéus-Itabuna;Sul Baiano;Ilhéus - Itabuna;Ilhéus - Itabuna;Bahia;Nordeste
2913002;Ibitiara;15508;0.585;107053.1;6552.0;2.0;Boquira;Centro Sul Baiano;Seabra;Feira de Santana;Bahia;Nordeste
2922508;Nazaré;27274;0.641;274043.03;9607.12;1.7;Santo Antônio de Jesus;Metropolitana de Salvador;Nazaré - Maragogipe;Santo Antônio de Jesus;Bahia;Nordeste
2926657;Ribeirão do Largo;8602;0.54;78964.62;13586.48;1.5;Itapetinga;Centro Sul Baiano;Vitória da Conquista;Vitória da Conquista;Bahia;Nordeste
2927200;Ruy Barbosa;29887;0.61;304653.53;9886.85;1.5;Itaberaba;Centro Norte Baiano;Itaberaba;Feira de Santana;Bahia;Nordeste
2917607;Jaguaquara;51011;0.58;582158.3;10696.92;1.8;Jequié;Centro Sul Baiano;Jequié;Vitória da Conquista;Bahia;Nordeste
2915700;Itamari;7903;0.578;89327.28;11117.27;2.2;Ilhéus-Itabuna;Sul Baiano;Ipiaú;Vitória da Conquista;Bahia;Nordeste
2930204;Sento Sé;37425;0.585;957819.06;23542.89;2.1;Juazeiro;Vale São-Franciscano da Bahia;Juazeiro;Juazeiro;Bahia;Nordeste
2932309;Ubatã;25004;0.593;201883.94;7467.5;1.4;Ilhéus-Itabuna;Sul Baiano;Ipiaú;Vitória da Conquista;Bahia;Nordeste
2932101;Ubaíra;19750;0.582;197125.06;9908.27;1.7;Jequié;Centro Sul Baiano;Santo Antônio de Jesus;Santo Antônio de Jesus;Bahia;Nordeste
2916609;Itapitanga;10207;0.571;78453.59;7607.25;1.6;Ilhéus-Itabuna;Sul Baiano;Ilhéus - Itabuna;Ilhéus - Itabuna;Bahia;Nordeste
2901601;Antas;17072;0.592;127207.98;6594.16;1.9;Ribeira do Pombal;Nordeste Baiano;Cícero Dantas;Paulo Afonso;Bahia;Nordeste
2918357;João Dourado;22549;0.593;235097.12;9333.7;2.2;Irecê;Centro Norte Baiano;Irecê;Irecê;Bahia;Nordeste
2906857;Capela do Alto Alegre;11527;0.599;96726.66;8311.99;2.0;Serrinha;Nordeste Baiano;Feira de Santana;Feira de Santana;Bahia;Nordeste
2930766;Sítio do Quinto;12592;0.533;81853.39;8196.81;1.7;Jeremoabo;Nordeste Baiano;Jeremoabo;Paulo Afonso;Bahia;Nordeste
2923803;Paripiranga;27778;0.577;348934.75;12036.8;2.0;Ribeira do Pombal;Nordeste Baiano;Cícero Dantas;Paulo Afonso;Bahia;Nordeste
2926608;Ribeira do Pombal;47518;0.601;595543.8;11068.15;1.8;Ribeira do Pombal;Nordeste Baiano;Ribeira do Pombal;Paulo Afonso;Bahia;Nordeste
2930709;Simões Filho;118047;0.675;5460734.5;40637.42;2.2;Salvador;Metropolitana de Salvador;Salvador;Salvador;Bahia;Nordeste
2924801;Piritiba;22399;0.578;158219.05;6391.4;2.0;Jacobina;Centro Norte Baiano;Jacobina;Feira de Santana;Bahia;Nordeste
2928406;Santa Rita de Cássia;26250;0.605;241244.55;8513.11;2.1;Cotegipe;Extremo Oeste Baiano;Barreiras;Barreiras;Bahia;Nordeste
2913507;Iguaí;25705;0.552;211740.45;7866.71;1.7;Vitória da Conquista;Centro Sul Baiano;Vitória da Conquista;Vitória da Conquista;Bahia;Nordeste
2904506;Brotas de Macaúbas;10717;0.57;83859.35;8196.59;2.0;Boquira;Centro Sul Baiano;Xique-Xique - Barra;Irecê;Bahia;Nordeste
2903409;Belmonte;21798;0.598;318411.28;13649.32;2.2;Ilhéus-Itabuna;Sul Baiano;Eunápolis - Porto Seguro;Ilhéus - Itabuna;Bahia;Nordeste
2923308;Ouriçangas;8298;0.607;60239.42;7034.03;2.3;Feira de Santana;Centro Norte Baiano;Feira de Santana;Feira de Santana;Bahia;Nordeste
2911907;Iaçu;25736;0.574;212586.22;8746.6;1.5;Itaberaba;Centro Norte Baiano;Itaberaba;Feira de Santana;Bahia;Nordeste
2904803;Caatiba;11420;0.561;65884.21;9749.07;1.5;Vitória da Conquista;Centro Sul Baiano;Vitória da Conquista;Vitória da Conquista;Bahia;Nordeste
2925501;Prado;27627;0.621;436580.7;15495.87;1.8;Porto Seguro;Sul Baiano;Teixeira de Freitas;Ilhéus - Itabuna;Bahia;Nordeste
2922755;Nova Ibiá;6648;0.57;84455.52;12813.76;2.0;Ilhéus-Itabuna;Sul Baiano;Ipiaú;Vitória da Conquista;Bahia;Nordeste
2900900;Almadina;6357;0.563;53044.96;9708.08;1.9;Ilhéus-Itabuna;Sul Baiano;Ilhéus - Itabuna;Ilhéus - Itabuna;Bahia;Nordeste
2930600;Serrolândia;12344;0.59;99204.97;7405.01;1.6;Jacobina;Centro Norte Baiano;Jacobina;Feira de Santana;Bahia;Nordeste
2911204;Gandu;30336;0.632;388942.2;12003.28;1.6;Ilhéus-Itabuna;Sul Baiano;Ipiaú;Vitória da Conquista;Bahia;Nordeste
2912202;Ibicoara;17282;0.591;390912.38;19974.06;2.0;Seabra;Centro Sul Baiano;Vitória da Conquista;Vitória da Conquista;Bahia;Nordeste
2933257;Vereda;6800;0.577;74432.35;11995.54;1.7;Porto Seguro;Sul Baiano;Teixeira de Freitas;Ilhéus - Itabuna;Bahia;Nordeste
2932507;Una;24110;0.56;268693.3;14140.26;1.9;Ilhéus-Itabuna;Sul Baiano;Camacan;Ilhéus - Itabuna;Bahia;Nordeste
2906402;Candeal;8895;0.587;58468.45;7080.22;1.7;Serrinha;Nordeste Baiano;Feira de Santana;Feira de Santana;Bahia;Nordeste
2912905;Ibirataia;18943;0.576;180626.69;11796.41;1.8;Ilhéus-Itabuna;Sul Baiano;Ipiaú;Vitória da Conquista;Bahia;Nordeste
2929800;Saúde;11845;0.549;89159.79;6904.65;1.6;Jacobina;Centro Norte Baiano;Jacobina;Feira de Santana;Bahia;Nordeste
2905404;Cairu;15374;0.627;1059092.1;58268.71;1.6;Valença;Sul Baiano;Valença;Santo Antônio de Jesus;Bahia;Nordeste
2911600;Governador Mangabeira;19818;0.643;187798.1;9062.74;1.6;Santo Antônio de Jesus;Metropolitana de Salvador;Cruz das Almas;Santo Antônio de Jesus;Bahia;Nordeste
2922730;Nova Fátima;7602;0.597;86854.78;11118.12;1.7;Serrinha;Nordeste Baiano;Feira de Santana;Feira de Santana;Bahia;Nordeste
2929057;São Félix do Coribe;13048;0.639;194628.75;12645.62;1.8;Santa Maria da Vitória;Extremo Oeste Baiano;Santa Maria da Vitoria;Barreiras;Bahia;Nordeste
2929354;São José da Vitória;5715;0.546;53077.99;9382.71;1.4;Ilhéus-Itabuna;Sul Baiano;Ilhéus - Itabuna;Ilhéus - Itabuna;Bahia;Nordeste
2933604;Xique-Xique;45536;0.585;411056.06;8843.15;1.9;Barra;Vale São-Franciscano da Bahia;Xique-Xique - Barra;Irecê;Bahia;Nordeste
2925253;Ponto Novo;15742;0.58;114730.17;7692.78;1.7;Jacobina;Centro Norte Baiano;Senhor do Bonfim;Juazeiro;Bahia;Nordeste
2901106;Amélia Rodrigues;25190;0.666;331121.1;13191.02;1.8;Catu;Metropolitana de Salvador;Feira de Santana;Feira de Santana;Bahia;Nordeste
2929602;Sapeaçu;16585;0.614;166854.34;9590.43;1.5;Santo Antônio de Jesus;Metropolitana de Salvador;Cruz das Almas;Santo Antônio de Jesus;Bahia;Nordeste
2908200;Conceição da Feira;20391;0.634;310788.03;13763.25;1.8;Feira de Santana;Centro Norte Baiano;Feira de Santana;Feira de Santana;Bahia;Nordeste
2917706;Jaguarari;30343;0.659;745957.4;22220.95;3.3;Senhor do Bonfim;Centro Norte Baiano;Senhor do Bonfim;Juazeiro;Bahia;Nordeste
2911709;Guanambi;78833;0.673;1449607.0;17158.97;2.0;Guanambi;Centro Sul Baiano;Guanambi;Guanambi;Bahia;Nordeste
2922300;Muritiba;28899;0.66;271854.97;9247.08;1.6;Santo Antônio de Jesus;Metropolitana de Salvador;Cruz das Almas;Santo Antônio de Jesus;Bahia;Nordeste
2915502;Itajuípe;21081;0.599;226756.89;11066.17;1.9;Ilhéus-Itabuna;Sul Baiano;Ilhéus - Itabuna;Ilhéus - Itabuna;Bahia;Nordeste
2910776;Feira da Mata;6184;0.588;53939.97;9521.62;1.7;Bom Jesus da Lapa;Vale São-Franciscano da Bahia;Guanambi;Guanambi;Bahia;Nordeste
2916005;Itanhém;20216;0.637;229115.48;11807.03;1.6;Porto Seguro;Sul Baiano;Teixeira de Freitas;Ilhéus - Itabuna;Bahia;Nordeste
2918001;Jequié;151895;0.665;2692500.2;17263.38;1.8;Jequié;Centro Sul Baiano;Jequié;Vitória da Conquista;Bahia;Nordeste
2930758;Sítio do Mato;12050;0.564;104389.92;8022.59;1.4;Bom Jesus da Lapa;Vale São-Franciscano da Bahia;Bom Jesus da Lapa;Guanambi;Bahia;Nordeste
2931103;Tanquinho;8008;0.597;57164.4;7219.55;1.7;Feira de Santana;Centro Norte Baiano;Feira de Santana;Feira de Santana;Bahia;Nordeste
2901809;Antônio Gonçalves;11015;0.598;72967.4;6184.73;1.3;Senhor do Bonfim;Centro Norte Baiano;Senhor do Bonfim;Juazeiro;Bahia;Nordeste
2915205;Itagibá;15193;0.589;205955.34;14126.85;2.3;Ilhéus-Itabuna;Sul Baiano;Ipiaú;Vitória da Conquista;Bahia;Nordeste
2924603;Pindobaçu;20121;0.577;149854.0;7436.92;1.7;Senhor do Bonfim;Centro Norte Baiano;Senhor do Bonfim;Juazeiro;Bahia;Nordeste
2917300;Ituberá;26591;0.606;320421.3;11202.76;1.8;Valença;Sul Baiano;Valença;Santo Antônio de Jesus;Bahia;Nordeste
2902658;Banzaê;11814;0.579;91553.68;6920.68;1.9;Ribeira do Pombal;Nordeste Baiano;Ribeira do Pombal;Paulo Afonso;Bahia;Nordeste
2919603;Macajuba;11229;0.524;77748.79;6851.32;2.4;Itaberaba;Centro Norte Baiano;Feira de Santana;Feira de Santana;Bahia;Nordeste
2914604;Irecê;66181;0.691;1334260.5;18285.81;1.8;Irecê;Centro Norte Baiano;Irecê;Irecê;Bahia;Nordeste
2927507;Santa Bárbara;19064;0.583;167284.89;8046.02;1.6;Feira de Santana;Centro Norte Baiano;Feira de Santana;Feira de Santana;Bahia;Nordeste
2908903;Coração de Maria;22401;0.592;201272.64;8903.9;1.5;Feira de Santana;Centro Norte Baiano;Feira de Santana;Feira de Santana;Bahia;Nordeste
2904753;Buritirama;19600;0.565;138373.0;6535.04;1.9;Barra;Vale São-Franciscano da Bahia;Xique-Xique - Barra;Irecê;Bahia;Nordeste
2917102;Itororó;19914;0.594;202461.08;9933.33;1.6;Itapetinga;Centro Sul Baiano;Itapetinga;Vitória da Conquista;Bahia;Nordeste
2914505;Irará;27466;0.62;262715.0;9048.53;1.9;Feira de Santana;Centro Norte Baiano;Feira de Santana;Feira de Santana;Bahia;Nordeste
2932200;Ubaitaba;20691;0.611;220066.42;11548.41;1.8;Ilhéus-Itabuna;Sul Baiano;Ilhéus - Itabuna;Ilhéus - Itabuna;Bahia;Nordeste
2908705;Condeúba;16898;0.582;157739.75;9145.92;1.5;Brumado;Centro Sul Baiano;Vitória da Conquista;Vitória da Conquista;Bahia;Nordeste
2915007;Itaeté;14924;0.572;103524.74;6447.73;1.3;Seabra;Centro Sul Baiano;Itaberaba;Feira de Santana;Bahia;Nordeste
2920106;Mairi;19326;0.572;129137.19;6914.61;1.9;Itaberaba;Centro Norte Baiano;Feira de Santana;Feira de Santana;Bahia;Nordeste
2906006;Campo Formoso;66616;0.586;967447.2;13586.6;2.1;Senhor do Bonfim;Centro Norte Baiano;Senhor do Bonfim;Juazeiro;Bahia;Nordeste
2925758;Presidente Tancredo Neves;23846;0.559;267897.62;9664.76;2.0;Valença;Sul Baiano;Valença;Santo Antônio de Jesus;Bahia;Nordeste
2921906;Mucugê;10545;0.606;438306.4;48367.51;1.7;Seabra;Centro Sul Baiano;Seabra;Feira de Santana;Bahia;Nordeste
2925402;Potiraguá;9810;0.625;90288.36;12498.39;1.5;Itapetinga;Centro Sul Baiano;Itapetinga;Vitória da Conquista;Bahia;Nordeste
2932903;Valença;88673;0.623;1578446.9;16346.46;1.7;Valença;Sul Baiano;Valença;Santo Antônio de Jesus;Bahia;Nordeste
2910859;Filadélfia;16740;0.565;126951.19;7751.8;2.0;Senhor do Bonfim;Centro Norte Baiano;Senhor do Bonfim;Juazeiro;Bahia;Nordeste
2933406;Wagner;8983;0.587;75332.69;8061.28;1.5;Seabra;Centro Sul Baiano;Itaberaba;Feira de Santana;Bahia;Nordeste
2921203;Miguel Calmon;26475;0.586;230576.78;8860.5;1.8;Jacobina;Centro Norte Baiano;Jacobina;Feira de Santana;Bahia;Nordeste
2902252;Arataca;10392;0.559;89447.13;8117.54;1.8;Ilhéus-Itabuna;Sul Baiano;Camacan;Ilhéus - Itabuna;Bahia;Nordeste
2923357;Ourolândia;16425;0.56;187450.05;10741.51;2.2;Jacobina;Centro Norte Baiano;Jacobina;Feira de Santana;Bahia;Nordeste
2902609;Baixa Grande;20060;0.585;156981.17;7669.59;2.1;Itaberaba;Centro Norte Baiano;Feira de Santana;Feira de Santana;Bahia;Nordeste
2903300;Barro Preto;6453;0.602;60936.49;10899.03;2.1;Ilhéus-Itabuna;Sul Baiano;Ilhéus - Itabuna;Ilhéus - Itabuna;Bahia;Nordeste
2915809;Itambé;23089;0.578;249033.95;10804.55;2.1;Itapetinga;Centro Sul Baiano;Vitória da Conquista;Vitória da Conquista;Bahia;Nordeste
2928000;Santaluz;33838;0.598;388416.72;10399.93;1.9;Serrinha;Nordeste Baiano;Conceição do Coité;Feira de Santana;Bahia;Nordeste
2915403;Itaju do Colônia;7309;0.592;73034.05;10929.97;1.5;Ilhéus-Itabuna;Sul Baiano;Ilhéus - Itabuna;Ilhéus - Itabuna;Bahia;Nordeste
2925808;Queimadas;24602;0.592;228910.84;8998.42;2.4;Euclides da Cunha;Nordeste Baiano;Conceição do Coité;Feira de Santana;Bahia;Nordeste
2915106;Itagi;13051;0.543;107016.44;8664.6;1.8;Jequié;Centro Sul Baiano;Jequié;Vitória da Conquista;Bahia;Nordeste
2919207;Lauro de Freitas;163449;0.754;6556097.0;33038.18;1.7;Salvador;Metropolitana de Salvador;Salvador;Salvador;Bahia;Nordeste
2914000;Ipirá;59343;0.549;627770.3;10533.94;1.7;Feira de Santana;Centro Norte Baiano;Feira de Santana;Feira de Santana;Bahia;Nordeste
2914653;Itabela;28390;0.599;375921.03;12291.43;1.8;Porto Seguro;Sul Baiano;Eunápolis - Porto Seguro;Ilhéus - Itabuna;Bahia;Nordeste
2913903;Ipiaú;44390;0.67;477374.16;10406.43;1.7;Ilhéus-Itabuna;Sul Baiano;Ipiaú;Vitória da Conquista;Bahia;Nordeste
2921609;Morpará;8280;0.558;67311.53;7901.34;1.7;Barra;Vale São-Franciscano da Bahia;Xique-Xique - Barra;Irecê;Bahia;Nordeste
2911253;Gavião;4561;0.599;41048.24;9197.45;1.5;Serrinha;Nordeste Baiano;Feira de Santana;Feira de Santana;Bahia;Nordeste
2908002;Coaraci;20964;0.613;173128.56;10188.23;1.8;Ilhéus-Itabuna;Sul Baiano;Ilhéus - Itabuna;Ilhéus - Itabuna;Bahia;Nordeste
2913309;Ichu;5255;0.631;47055.17;7582.21;1.6;Serrinha;Nordeste Baiano;Feira de Santana;Feira de Santana;Bahia;Nordeste
2917359;Jaborandi;8973;0.613;579706.4;69136.12;2.3;Santa Maria da Vitória;Extremo Oeste Baiano;Santa Maria da Vitoria;Barreiras;Bahia;Nordeste
2907905;Cipó;15755;0.601;134505.8;7774.9;2.0;Ribeira do Pombal;Nordeste Baiano;Ribeira do Pombal;Paulo Afonso;Bahia;Nordeste
2917003;Itiúba;36113;0.544;285424.88;7908.92;2.1;Senhor do Bonfim;Centro Norte Baiano;Senhor do Bonfim;Juazeiro;Bahia;Nordeste
2903276;Barrocas;14191;0.61;230354.34;14416.97;3.4;Serrinha;Nordeste Baiano;Serrinha;Feira de Santana;Bahia;Nordeste
2905701;Camaçari;242970;0.694;26244432.0;87735.29;3.6;Salvador;Metropolitana de Salvador;Salvador;Salvador;Bahia;Nordeste
2918407;Juazeiro;197965;0.677;4349595.0;20071.32;2.1;Juazeiro;Vale São-Franciscano da Bahia;Juazeiro;Juazeiro;Bahia;Nordeste
2925956;Rafael Jambeiro;22874;0.564;358305.94;15839.53;1.9;Feira de Santana;Centro Norte Baiano;Feira de Santana;Feira de Santana;Bahia;Nordeste
2930105;Senhor do Bonfim;74419;0.666;900704.3;11399.16;1.8;Senhor do Bonfim;Centro Norte Baiano;Senhor do Bonfim;Juazeiro;Bahia;Nordeste
2917508;Jacobina;79247;0.649;1304071.8;16196.03;2.1;Jacobina;Centro Norte Baiano;Jacobina;Feira de Santana;Bahia;Nordeste
2932457;Umburanas;17000;0.515;144087.56;7495.97;1.6;Senhor do Bonfim;Centro Norte Baiano;Jacobina;Feira de Santana;Bahia;Nordeste
2912103;Ibicaraí;24272;0.625;190188.89;8768.91;1.8;Ilhéus-Itabuna;Sul Baiano;Ilhéus - Itabuna;Ilhéus - Itabuna;Bahia;Nordeste
2929305;São Gonçalo dos Campos;33283;0.627;987191.2;26290.04;1.9;Feira de Santana;Centro Norte Baiano;Feira de Santana;Feira de Santana;Bahia;Nordeste
2914109;Ipupiara;9285;0.59;84693.5;8585.25;1.3;Boquira;Centro Sul Baiano;Xique-Xique - Barra;Irecê;Bahia;Nordeste
2927408;Salvador;2675656;0.759;63804120.0;22213.24;3.4;Salvador;Metropolitana de Salvador;Salvador;Salvador;Bahia;Nordeste
2916807;Itarantim;18539;0.61;267604.7;13551.66;1.6;Itapetinga;Centro Sul Baiano;Itapetinga;Vitória da Conquista;Bahia;Nordeste
2923902;Pau Brasil;10852;0.583;87873.52;8938.41;1.9;Ilhéus-Itabuna;Sul Baiano;Camacan;Ilhéus - Itabuna;Bahia;Nordeste
2906303;Canavieiras;32336;0.59;343813.47;11055.45;1.7;Ilhéus-Itabuna;Sul Baiano;Camacan;Ilhéus - Itabuna;Bahia;Nordeste
2906873;Capim Grosso;26577;0.621;426974.16;13925.19;1.5;Jacobina;Centro Norte Baiano;Jacobina;Feira de Santana;Bahia;Nordeste
2909000;Cordeiros;8168;0.579;61703.27;7163.14;1.6;Brumado;Centro Sul Baiano;Vitória da Conquista;Vitória da Conquista;Bahia;Nordeste
2908101;Cocos;18153;0.596;297565.8;15847.36;1.9;Santa Maria da Vitória;Extremo Oeste Baiano;Santa Maria da Vitoria;Barreiras;Bahia;Nordeste
2912004;Ibiassucê;10062;0.611;88088.39;9549.91;1.5;Guanambi;Centro Sul Baiano;Guanambi;Guanambi;Bahia;Nordeste
2919959;Maetinga;7038;0.538;46349.11;14662.8;1.5;Brumado;Centro Sul Baiano;Vitória da Conquista;Vitória da Conquista;Bahia;Nordeste
2931004;Tanhaçu;20013;0.577;193123.7;9465.46;1.6;Brumado;Centro Sul Baiano;Vitória da Conquista;Vitória da Conquista;Bahia;Nordeste
2909307;Correntina;31249;0.603;1466469.1;45631.8;2.4;Santa Maria da Vitória;Extremo Oeste Baiano;Santa Maria da Vitoria;Barreiras;Bahia;Nordeste
2930501;Serrinha;76762;0.634;918802.8;11362.74;1.6;Serrinha;Nordeste Baiano;Serrinha;Feira de Santana;Bahia;Nordeste
2913200;Ibotirama;25424;0.636;368931.97;13701.19;1.8;Barra;Vale São-Franciscano da Bahia;Xique-Xique - Barra;Irecê;Bahia;Nordeste
2922409;Mutuípe;21449;0.601;353058.78;15888.52;1.9;Jequié;Centro Sul Baiano;Santo Antônio de Jesus;Santo Antônio de Jesus;Bahia;Nordeste
2921807;Mortugaba;12477;0.618;97533.0;8099.4;1.4;Guanambi;Centro Sul Baiano;Guanambi;Guanambi;Bahia;Nordeste
2930303;Serra Dourada;18112;0.608;160236.98;9216.44;1.5;Santa Maria da Vitória;Extremo Oeste Baiano;Barreiras;Barreiras;Bahia;Nordeste
2904407;Brejolândia;11077;0.592;95312.5;9028.37;1.3;Cotegipe;Extremo Oeste Baiano;Barreiras;Barreiras;Bahia;Nordeste
2900207;Abaré;17064;0.575;151260.34;7530.64;1.8;Paulo Afonso;Vale São-Franciscano da Bahia;Paulo Afonso;Paulo Afonso;Bahia;Nordeste
2933109;Várzea do Poço;8661;0.575;91495.86;9977.74;1.6;Jacobina;Centro Norte Baiano;Jacobina;Feira de Santana;Bahia;Nordeste
2921104;Medeiros Neto;21560;0.625;319877.25;14098.96;1.7;Porto Seguro;Sul Baiano;Teixeira de Freitas;Ilhéus - Itabuna;Bahia;Nordeste
2926103;Retirolândia;12055;0.636;125330.36;8705.92;1.4;Serrinha;Nordeste Baiano;Conceição do Coité;Feira de Santana;Bahia;Nordeste
2909802;Cruz das Almas;58606;0.699;981147.25;15514.91;2.9;Santo Antônio de Jesus;Metropolitana de Salvador;Cruz das Almas;Santo Antônio de Jesus;Bahia;Nordeste
2928703;Santo Antônio de Jesus;90985;0.7;2219433.8;21863.76;1.7;Santo Antônio de Jesus;Metropolitana de Salvador;Santo Antônio de Jesus;Santo Antônio de Jesus;Bahia;Nordeste
2915304;Itagimirim;7110;0.634;111390.96;16216.47;2.1;Porto Seguro;Sul Baiano;Eunápolis - Porto Seguro;Ilhéus - Itabuna;Bahia;Nordeste
2925931;Quixabeira;9554;0.578;65299.25;7278.11;1.6;Jacobina;Centro Norte Baiano;Jacobina;Feira de Santana;Bahia;Nordeste
2928059;Santa Luzia;13344;0.556;99218.2;7876.34;1.6;Ilhéus-Itabuna;Sul Baiano;Camacan;Ilhéus - Itabuna;Bahia;Nordeste
2918555;Jussari;6474;0.567;59644.44;10225.34;1.7;Ilhéus-Itabuna;Sul Baiano;Camacan;Ilhéus - Itabuna;Bahia;Nordeste
2905800;Camamu;35180;0.565;359393.78;10176.51;1.8;Valença;Sul Baiano;Valença;Santo Antônio de Jesus;Bahia;Nordeste
2915601;Itamaraju;63069;0.627;955318.25;14814.35;1.7;Porto Seguro;Sul Baiano;Teixeira de Freitas;Ilhéus - Itabuna;Bahia;Nordeste
2903805;Boa Vista do Tupim;17991;0.551;127991.26;6890.14;1.8;Itaberaba;Centro Norte Baiano;Itaberaba;Feira de Santana;Bahia;Nordeste
2901007;Amargosa;34351;0.625;393230.0;10559.06;1.5;Jequié;Centro Sul Baiano;Santo Antônio de Jesus;Santo Antônio de Jesus;Bahia;Nordeste
2914703;Itaberaba;61631;0.62;883473.6;13699.6;1.6;Itaberaba;Centro Norte Baiano;Itaberaba;Feira de Santana;Bahia;Nordeste
2927705;Santa Cruz Cabrália;26264;0.654;430119.94;15484.19;1.8;Porto Seguro;Sul Baiano;Eunápolis - Porto Seguro;Ilhéus - Itabuna;Bahia;Nordeste
2905008;Caculé;22236;0.637;286452.78;12363.09;1.5;Guanambi;Centro Sul Baiano;Guanambi;Guanambi;Bahia;Nordeste
2913606;Ilhéus;184236;0.69;4667858.5;28755.9;2.1;Ilhéus-Itabuna;Sul Baiano;Ilhéus - Itabuna;Ilhéus - Itabuna;Bahia;Nordeste
2927804;Santa Cruz da Vitória;6673;0.61;59118.32;9361.57;1.7;Ilhéus-Itabuna;Sul Baiano;Ilhéus - Itabuna;Ilhéus - Itabuna;Bahia;Nordeste
2928950;São Domingos;9226;0.64;80943.49;8936.13;1.6;Serrinha;Nordeste Baiano;Conceição do Coité;Feira de Santana;Bahia;Nordeste
2924058;Pé de Serra;13752;0.587;105577.57;7775.63;2.0;Serrinha;Nordeste Baiano;Feira de Santana;Feira de Santana;Bahia;Nordeste
2903201;Barreiras;137427;0.721;5178166.5;33313.17;2.2;Barreiras;Extremo Oeste Baiano;Barreiras;Barreiras;Bahia;Nordeste
2920007;Maiquinique;8782;0.576;110432.63;10920.95;1.7;Itapetinga;Centro Sul Baiano;Itapetinga;Vitória da Conquista;Bahia;Nordeste
2912806;Ibirapuã;7956;0.614;275589.72;31908.04;1.8;Porto Seguro;Sul Baiano;Teixeira de Freitas;Ilhéus - Itabuna;Bahia;Nordeste
2905602;Camacã;31472;0.581;293318.5;9169.64;2.0;Ilhéus-Itabuna;Sul Baiano;Camacan;Ilhéus - Itabuna;Bahia;Nordeste
2932705;Uruçuca;19837;0.616;236173.98;11510.01;2.0;Ilhéus-Itabuna;Sul Baiano;Ilhéus - Itabuna;Ilhéus - Itabuna;Bahia;Nordeste
2922003;Mucuri;36026;0.665;1785358.4;42765.12;3.2;Porto Seguro;Sul Baiano;Teixeira de Freitas;Ilhéus - Itabuna;Bahia;Nordeste
2919702;Macarani;17093;0.605;178575.62;9521.49;1.5;Itapetinga;Centro Sul Baiano;Itapetinga;Vitória da Conquista;Bahia;Nordeste
2924652;Pintadas;10342;0.612;89447.14;8570.2;1.8;Feira de Santana;Centro Norte Baiano;Feira de Santana;Feira de Santana;Bahia;Nordeste
2900702;Alagoinhas;141949;0.683;4261288.0;28109.5;2.1;Alagoinhas;Nordeste Baiano;Alagoinhas;Salvador;Bahia;Nordeste
2908507;Conceição do Jacuípe;30123;0.663;2936276.8;88567.45;1.8;Feira de Santana;Centro Norte Baiano;Feira de Santana;Feira de Santana;Bahia;Nordeste
2933307;Vitória da Conquista;306866;0.678;7263728.5;21459.85;2.0;Vitória da Conquista;Centro Sul Baiano;Vitória da Conquista;Vitória da Conquista;Bahia;Nordeste
2914802;Itabuna;204667;0.712;4183237.5;19619.07;2.2;Ilhéus-Itabuna;Sul Baiano;Ilhéus - Itabuna;Ilhéus - Itabuna;Bahia;Nordeste
2907806;Cícero Dantas;32300;0.585;297265.4;9142.41;1.9;Ribeira do Pombal;Nordeste Baiano;Cícero Dantas;Paulo Afonso;Bahia;Nordeste
2908408;Conceição do Coité;62040;0.611;759909.3;11407.99;1.6;Serrinha;Nordeste Baiano;Conceição do Coité;Feira de Santana;Bahia;Nordeste
2923001;Nova Viçosa;38556;0.654;499157.38;11507.69;1.7;Porto Seguro;Sul Baiano;Teixeira de Freitas;Ilhéus - Itabuna;Bahia;Nordeste
2933000;Valente;24560;0.637;229006.03;8042.92;1.4;Serrinha;Nordeste Baiano;Conceição do Coité;Feira de Santana;Bahia;Nordeste
2925303;Porto Seguro;126929;0.676;3379270.0;22727.56;1.9;Porto Seguro;Sul Baiano;Eunápolis - Porto Seguro;Ilhéus - Itabuna;Bahia;Nordeste
2900108;Abaíra;8316;0.603;62645.67;7168.52;1.5;Seabra;Centro Sul Baiano;Brumado;Vitória da Conquista;Bahia;Nordeste
2931350;Teixeira de Freitas;138341;0.685;2654757.0;16541.88;1.9;Porto Seguro;Sul Baiano;Teixeira de Freitas;Ilhéus - Itabuna;Bahia;Nordeste
2918902;Lajedão;3733;0.632;71455.08;18067.02;1.5;Porto Seguro;Sul Baiano;Teixeira de Freitas;Ilhéus - Itabuna;Bahia;Nordeste
2919553;Luís Eduardo Magalhães;60105;0.716;6105422.0;69761.1;2.1;Barreiras;Extremo Oeste Baiano;Barreiras;Barreiras;Bahia;Nordeste
2910727;Eunápolis;100196;0.677;3144085.0;27730.51;2.3;Porto Seguro;Sul Baiano;Eunápolis - Porto Seguro;Ilhéus - Itabuna;Bahia;Nordeste
2910800;Feira de Santana;556642;0.712;14898192.0;24229.74;1.9;Feira de Santana;Centro Norte Baiano;Feira de Santana;Feira de Santana;Bahia;Nordeste
2904704;Buerarema;18605;0.613;209646.34;11425.49;1.7;Ilhéus-Itabuna;Sul Baiano;Ilhéus - Itabuna;Ilhéus - Itabuna;Bahia;Nordeste
2916401;Itapetinga;68273;0.667;1177520.6;15463.78;1.6;Itapetinga;Centro Sul Baiano;Itapetinga;Vitória da Conquista;Bahia;Nordeste
